id,name,model_id:id,group_id:id,perm_read,perm_write,perm_create,perm_unlink
access_op_ticket_receptionist,hospital.op.ticket.recep,model_hospital_op_ticket,group_hospital_receptionist,1,1,1,1
access_op_ticket_doctor,hospital.op.ticket.doc,model_hospital_op_ticket,group_hospital_doctor,1,1,0,0
access_op_ticket_pharmacist,hospital.op.ticket.pharm,model_hospital_op_ticket,group_hospital_pharmacist,1,1,0,0
access_patient_receptionist,hospital.patient.recep,model_hospital_patient,group_hospital_receptionist,1,1,1,1
access_patient_doctor,hospital.patient.doc,model_hospital_patient,group_hospital_doctor,1,1,1,0
access_prescription_doctor,prescription.line.doc,model_prescription_line,group_hospital_doctor,1,1,1,1
access_prescription_pharmacist,prescription.line.pharm,model_prescription_line,group_hospital_pharmacist,1,0,0,0
access_pharmacy_pharmacist,hospital.pharmacy.pharm,model_hospital_pharmacy,group_hospital_pharmacist,1,1,1,1
access_medicine_brand_pharmacist,medicine.brand.pharm,model_medicine_brand,group_hospital_pharmacist,1,1,1,1
access_prescription_receptionist,prescription.line.recep,model_prescription_line,group_hospital_receptionist,1,0,0,0
access_op_procedure_line_receptionist,op.procedure.line.recep,model_op_procedure_line,group_hospital_receptionist,1,1,1,1
access_op_procedure_line_doctor,op.procedure.line.doc,model_op_procedure_line,group_hospital_doctor,1,1,1,0
access_op_procedure_line_pharmacist,op.procedure.line.pharm,model_op_procedure_line,group_hospital_pharmacist,1,0,0,0
access_consultation_payment_wizard_receptionist,consultation.payment.wizard.recep,model_consultation_payment_wizard,group_hospital_receptionist,1,1,1,1
access_consultation_payment_wizard_doctor,consultation.payment.wizard.doc,model_consultation_payment_wizard,group_hospital_doctor,1,1,1,1
access_medicine_purchase_wizard_pharmacist,medicine.purchase.wizard.pharm,model_medicine_purchase_wizard,group_hospital_pharmacist,1,1,1,1
access_medicine_purchase_wizard_user,medicine.purchase.wizard.user,model_medicine_purchase_wizard,base.group_user,1,1,1,1
access_res_config_settings_hospital,res.config.settings.hospital,model_res_config_settings,base.group_system,1,1,1,1
access_hospital_dose_preset_user,hospital.dose.preset.user,model_hospital_dose_preset,base.group_user,1,0,0,0
access_hospital_dose_preset_doctor,hospital.dose.preset.doctor,model_hospital_dose_preset,hospital_management.group_hospital_doctor,1,1,1,1
